{
  "project_info": {
    "project_number": "668354444994",
    "project_id": "register-login-firebase-27ec7",
    "storage_bucket": "register-login-firebase-27ec7.appspot.com"
  },
  "client": [
    {
      "client_info": {
        "mobilesdk_app_id": "1:668354444994:android:127bf853ebc1fe6dd6455b",
        "android_client_info": {
          "package_name": "za.co.varsitycollege.st10092141.phasetracerv2"
        }
      },
      "oauth_client": [],
      "api_key": [
        {
          "current_key": "AIzaSyCGdZcxs5ODAGglGTyzAdbW1rhMnmTTfhg"
        }
      ],
      "services": {
        "appinvite_service": {
          "other_platform_oauth_client": []
        }
      }
    }
  ],
  "configuration_version": "1"
}